“a”,“b”
"158,31","158,54"
"158,54","158,52"
"158,52","158,40"
"158,40","158,47"
"158,47","158,40"
"158,40","158,57"
"158,57","158,80"
"158,80","159,03"
"159,03","159,56"
"159,56","159,69"
"159,69","159,71"
"159,71","159,71"
"159,71","159,90"
"159,90","160,29"
"160,29","160,05"
"160,05","159,69"
"159,69","159,14"
"159,14","158,88"
"158,88","158,80"
"158,80","158,77"
"158,77","158,78"
"158,78","158,90"
"158,90","158,54"
"158,54","158,70"
"158,70","158,65"
"158,65","158,46"
"158,46","158,30"
"158,30","158,46"
"158,46","158,43"
"158,43","158,46"
"158,46","158,64"
"158,64","158,78"
"158,78","159,00"
"159,00","159,00"
"159,00","158,90"
"158,90","159,39"
"159,39","159,59"
"159,59","159,59"
"159,59","159,32"
"159,32","159,39"
"159,39","159,31"
"159,31","159,25"
"159,25","159,63"
"159,63","159,85"
"159,85","159,69"
"159,69","159,38"
"159,38","159,71"
"159,71","159,72"
"159,72","159,55"
"159,55","159,54"
"159,54","159,54"
"159,54","159,46"
"159,46","159,59"
"159,59","159,58"
"159,58","159,55"
"159,55","159,51"
"159,51","159,32"
"159,32","159,12"
"159,12","159,19"
"159,19","159,03"
"159,03","159,01"
"159,01","158,88"
"158,88","158,89"
"158,89","158,71"
"158,71","158,82"
"158,82","158,96"
"158,96","158,85"
"158,85","158,64"
"158,64","158,54"
"158,54","158,16"
"158,16","158,30"
"158,30","158,33"
"158,33","158,35"
"158,35","158,21"
"158,21","158,27"
"158,27","158,29"
"158,29","158,19"
"158,19","158,23"
"158,23","158,18"
"158,18","158,19"
"158,19","158,25"
"158,25","158,24"
"158,24","158,27"
"158,27","158,21"
"158,21","158,19"
"158,19","158,19"
"158,19","158,27"
"158,27","158,33"
"158,33","158,19"
"158,19","157,99"
"157,99","157,90"
"157,90","157,81"
"157,81","157,83"
"157,83","157,77"
"157,77","157,72"
"157,72","157,73"
"157,73","157,73"
"157,73","157,72"
"157,72","157,56"
"157,56","157,60"
"157,60","157,48"
"157,48","157,35"
"157,35","157,25"
"157,25","157,33"
"157,33","157,35"
"157,35","157,43"
"157,43","157,49"
"157,49","157,61"
"157,61","157,51"
"157,51","157,51"
"157,51","157,49"
"157,49","157,41"
"157,41","157,42"
"157,42","157,60"
"157,60","157,48"
"157,48","157,49"
"157,49","157,54"
"157,54","157,55"
"157,55","157,50"
"157,50","157,29"
"157,29","157,35"
"157,35","157,54"
"157,54","157,56"
"157,56","157,61"
"157,61","157,53"
"157,53","157,53"
"157,53","157,54"
"157,54","157,61"
"157,61","157,58"
"157,58","157,58"
"157,58","157,59"
"157,59","157,68"
"157,68","157,71"
"157,71","157,83"
"157,83","157,86"
"157,86","157,89"
"157,89","157,91"
"157,91","158,11"
"158,11","158,03"
"158,03","157,85"
"157,85","157,89"
"157,89","157,87"
"157,87","157,81"
"157,81","157,85"
"157,85","157,80"
"157,80","157,69"
"157,69","157,67"
"157,67","157,74"
"157,74","157,83"
"157,83","157,80"
"157,80","157,95"
"157,95","157,87"
"157,87","157,89"
"157,89","157,90"
"157,90","157,90"
"157,90","157,95"
"157,95","158,05"
"158,05","158,00"
"158,00","158,12"
"158,12","158,11"
"158,11","158,07"
"158,07","158,07"
"158,07","158,10"
"158,10","158,04"
"158,04","158,02"
"158,02","158,03"
"158,03","158,02"
"158,02","158,10"
"158,10","158,10"
"158,10","158,13"
"158,13","158,17"
"158,17","158,10"
"158,10","158,08"
"158,08","158,12"
"158,12","158,09"
"158,09","158,04"
"158,04","158,02"
"158,02","158,04"
"158,04","158,15"
"158,15","158,10"
"158,10","158,17"
"158,17","158,02"
"158,02","158,04"
"158,04","157,95"
"157,95","158,03"
"158,03","158,11"
"158,11","158,10"
"158,10","158,01"
"158,01","158,05"
"158,05","158,00"
"158,00","158,12"
"158,12","158,11"
"158,11","158,17"
"158,17","158,20"
"158,20","158,19"
"158,19","158,09"
"158,09","158,11"
"158,11","158,21"
"158,21","158,21"
"158,21","158,26"
"158,26","158,31"
"158,31","158,28"
"158,28","158,26"
"158,26","158,27"
"158,27","158,28"
"158,28","158,35"
"158,35","158,30"
"158,30","158,18"
"158,18","158,26"
"158,26","158,30"
"158,30","158,27"
"158,27","158,28"
"158,28","158,37"
"158,37","158,38"
"158,38","158,41"
"158,41","158,39"
"158,39","158,47"
"158,47","158,47"
"158,47","158,42"
"158,42","158,39"
"158,39","158,39"
"158,39","158,43"
"158,43","158,44"
"158,44","158,46"
"158,46","158,44"
"158,44","158,40"
"158,40","158,34"
"158,34","158,36"
"158,36","158,30"
"158,30","158,29"
"158,29","158,22"
"158,22","158,20"
"158,20","158,14"
"158,14","158,15"
"158,15","158,14"
"158,14","158,12"
"158,12","158,06"
"158,06","157,98"
"157,98","157,94"
"157,94","157,99"
"157,99","158,03"
"158,03","158,05"
"158,05","158,04"
"158,04","158,07"
"158,07","158,10"
"158,10","158,05"
"158,05","158,05"
"158,05","158,00"
"158,00","158,00"
"158,00","158,06"
"158,06","158,03"
"158,03","158,04"
"158,04","157,97"
"157,97","158,12"
"158,12","158,24"
"158,24","158,28"
"158,28","158,22"
"158,22","158,21"
"158,21","158,32"
"158,32","158,33"
"158,33","158,44"
"158,44","158,47"
"158,47","158,42"
"158,42","158,43"
"158,43","158,27"
"158,27","158,25"
"158,25","158,28"
"158,28","158,28"
"158,28","158,29"
"158,29","158,28"
"158,28","158,33"
"158,33","158,34"
"158,34","158,38"
"158,38","158,37"
"158,37","158,35"
"158,35","158,42"
"158,42","158,44"
"158,44","158,45"
"158,45","158,46"
"158,46","158,49"
"158,49","158,47"
"158,47","158,46"
"158,46","158,50"
"158,50","158,50"
"158,50","158,39"
"158,39","158,38"
"158,38","158,30"
"158,30","158,33"
"158,33","158,41"
"158,41","158,38"
"158,38","158,26"
"158,26","158,30"
"158,30","158,33"
"158,33","158,30"
"158,30","158,26"
"158,26","158,35"
"158,35","158,40"
"158,40","158,38"
"158,38","158,32"
"158,32","158,14"
"158,14","158,13"
"158,13","158,11"
"158,11","158,14"
"158,14","158,10"
"158,10","158,15"
"158,15","158,09"
"158,09","158,04"
"158,04","158,15"
"158,15","158,29"
"158,29","158,24"
"158,24","158,32"
"158,32","158,31"
"158,31","158,24"
"158,24","158,28"
"158,28","158,33"
"158,33","158,38"
"158,38","158,43"
"158,43","158,30"
"158,30","158,33"
"158,33","158,34"
"158,34","158,38"
"158,38","158,45"
"158,45","158,47"
"158,47","158,45"
"158,45","158,52"
"158,52","158,50"
"158,50","158,55"
"158,55","158,58"
"158,58","158,69"
"158,69","158,69"
"158,69","158,70"
"158,70","158,62"
"158,62","158,64"
"158,64","158,80"
"158,80","158,87"
"158,87","158,91"
"158,91","158,93"
"158,93","158,94"
"158,94","158,93"
"158,93","158,99"
"158,99","159,05"
"159,05","159,20"
"159,20","159,21"
"159,21","159,26"
"159,26","159,21"
"159,21","159,17"
"159,17","159,16"
"159,16","159,14"
"159,14","159,11"
"159,11","159,08"
"159,08","159,06"
"159,06","159,12"
"159,12","159,10"
"159,10","159,13"
"159,13","159,14"
"159,14","159,19"
"159,19","158,98"
"158,98","158,98"
"158,98","158,87"
"158,87","158,87"
"158,87","158,83"
"158,83","158,83"
"158,83","158,75"
"158,75","158,75"
"158,75","158,78"
"158,78","158,81"
"158,81","158,85"
"158,85","158,80"
"158,80","158,84"
"158,84","159,01"
"159,01","158,99"
"158,99","158,97"
"158,97","159,01"
"159,01","159,11"
"159,11","159,11"
"159,11","159,25"
"159,25","159,21"
"159,21","159,17"
"159,17","159,16"
"159,16","159,17"
"159,17","159,14"
"159,14","159,16"
"159,16","159,14"
"159,14","159,16"
"159,16","159,18"
"159,18","159,10"
"159,10","159,06"
"159,06","159,09"
"159,09","159,26"
"159,26","159,00"
"159,00","158,98"
"158,98","158,84"
"158,84","158,88"
"158,88","158,97"
"158,97","158,94"
"158,94","158,61"
"158,61","158,40"
"158,40","158,33"
"158,33","158,24"
"158,24","157,93"
"157,93","157,53"
"157,53","157,41"
"157,41","157,41"
"157,41","157,39"
"157,39","157,31"
"157,31","157,39"
"157,39","157,37"
"157,37","157,08"
"157,08","157,01"
"157,01","156,74"
"156,74","156,83"
"156,83","156,75"
"156,75","156,83"
"156,83","156,76"
"156,76","156,84"
"156,84","156,78"
"156,78","156,82"
"156,82","156,71"
"156,71","156,85"
"156,85","157,17"
"157,17","156,81"
"156,81","156,67"
"156,67","156,57"
"156,57","156,84"
"156,84","156,90"
"156,90","157,03"
"157,03","156,93"
"156,93","157,09"
"157,09","157,09"
"157,09","157,18"
"157,18","157,04"
"157,04","157,00"
"157,00","156,97"
"156,97","156,88"
"156,88","156,75"
"156,75","156,95"
"156,95","156,96"
"156,96","157,07"
"157,07","157,01"
"157,01","157,15"
"157,15","157,06"
"157,06","157,05"
"157,05","157,04"
"157,04","157,08"
"157,08","157,33"
"157,33","157,60"
"157,60","157,64"
"157,64","157,41"
"157,41","157,25"
"157,25","157,24"
"157,24","157,31"
"157,31","157,26"
"157,26","157,44"
"157,44","157,38"
"157,38","157,29"
"157,29","157,21"
"157,21","157,31"
"157,31","157,44"
"157,44","157,33"
"157,33","157,50"
"157,50","157,45"
"157,45","157,69"
"157,69","157,80"
"157,80","157,77"
"157,77","157,78"
"157,78","157,82"
"157,82","157,85"
"157,85","157,86"
"157,86","157,88"
"157,88","157,69"
"157,69","157,54"
"157,54","157,48"
"157,48","157,30"
"157,30","157,31"
"157,31","157,32"
"157,32","157,23"
"157,23","157,34"
"157,34","157,48"
"157,48","157,52"
"157,52","157,64"
"157,64","157,72"
"157,72","157,71"
"157,71","157,71"
"157,71","157,70"
"157,70","157,68"
"157,68","157,77"
"157,77","157,71"
"157,71","157,67"
"157,67","157,61"
"157,61","157,52"
"157,52","157,61"
"157,61","157,65"
"157,65","157,58"
"157,58","157,42"
"157,42","157,35"
"157,35","157,33"
"157,33","157,29"
"157,29","157,34"
"157,34","157,51"
"157,51","157,62"
"157,62","157,51"
"157,51","157,49"
"157,49","157,58"
"157,58","157,65"
"157,65","157,57"
"157,57","157,61"
"157,61","157,57"
"157,57","157,45"
"157,45","157,47"
"157,47","157,41"
"157,41","157,40"
"157,40","157,35"
"157,35","157,12"
"157,12","157,13"
"157,13","157,02"
"157,02","157,04"
"157,04","157,13"
"157,13","157,10"
"157,10","157,04"
"157,04","157,01"
"157,01","157,09"
"157,09","157,04"
"157,04","157,01"
"157,01","157,04"
"157,04","157,05"
"157,05","157,09"
"157,09","157,07"
"157,07","156,97"
"156,97","156,89"
"156,89","156,86"
"156,86","156,81"
"156,81","156,84"
"156,84","156,88"
"156,88","156,86"
"156,86","156,76"
"156,76","156,85"
"156,85","156,93"
"156,93","156,95"
"156,95","157,00"
"157,00","156,96"
"156,96","157,06"
"157,06","157,09"
"157,09","157,03"
"157,03","156,98"
"156,98","157,02"
"157,02","156,97"
"156,97","156,84"
"156,84","156,90"
"156,90","156,90"
"156,90","156,96"
"156,96","156,98"
"156,98","156,91"
"156,91","156,86"
"156,86","156,69"
"156,69","156,85"
"156,85","156,88"
"156,88","156,84"
"156,84","156,75"
"156,75","156,92"
"156,92","156,88"
"156,88","157,00"
"157,00","157,01"
"157,01","157,00"
"157,00","157,02"
"157,02","156,99"
"156,99","157,00"
"157,00","157,00"
"157,00","156,96"
"156,96","156,97"
"156,97","156,97"
"156,97","157,04"
"157,04","156,96"
"156,96","157,00"
"157,00","157,00"
"157,00","157,03"
"157,03","157,07"
"157,07","157,08"
"157,08","157,11"
"157,11","157,07"
"157,07","157,09"
"157,09","157,04"
"157,04","156,94"
"156,94","156,87"
"156,87","156,97"
"156,97","156,86"
"156,86","156,96"
"156,96","156,94"
"156,94","156,86"
"156,86","156,89"
"156,89","156,88"
"156,88","156,83"
"156,83","156,91"
"156,91","156,88"
"156,88","156,93"
"156,93","156,97"
"156,97","156,96"
"156,96","156,95"
"156,95","156,88"
"156,88","156,84"
"156,84","156,86"
"156,86","156,85"
"156,85","156,83"
"156,83","156,86"
"156,86","156,85"
"156,85","156,75"
"156,75","156,81"
"156,81","156,81"
"156,81","156,71"
"156,71","156,62"
"156,62","156,78"
"156,78","156,83"
"156,83","156,75"
"156,75","156,86"
"156,86","156,82"
"156,82","156,90"
"156,90","156,83"
"156,83","156,87"
"156,87","156,90"
"156,90","156,91"
"156,91","156,82"
"156,82","156,72"
"156,72","156,67"
"156,67","156,68"
"156,68","156,61"
"156,61","156,54"
"156,54","156,56"
"156,56","156,57"
"156,57","156,59"
"156,59","156,57"
"156,57","156,51"
"156,51","156,46"
"156,46","156,46"
"156,46","156,41"
"156,41","156,46"
"156,46","156,48"
"156,48","156,48"
"156,48","156,40"
"156,40","156,40"
"156,40","156,49"
"156,49","156,53"
"156,53","156,48"
"156,48","156,60"
"156,60","156,58"
"156,58","156,50"
"156,50","156,47"
"156,47","156,44"
"156,44","156,54"
"156,54","156,61"
"156,61","156,63"
"156,63","156,64"
"156,64","156,59"
"156,59","156,50"
"156,50","156,51"
"156,51","156,53"
"156,53","156,58"
"156,58","156,54"
"156,54","156,58"
"156,58","156,64"
"156,64","156,65"
"156,65","156,58"
"156,58","156,59"
"156,59","156,59"
"156,59","156,64"
"156,64","156,65"
"156,65","156,55"
"156,55","156,64"
"156,64","156,66"
"156,66","156,64"
"156,64","156,58"
"156,58","156,67"
"156,67","156,79"
"156,79","156,79"
"156,79","156,76"
"156,76","156,72"
"156,72","156,75"
"156,75","156,77"
"156,77","156,70"
"156,70","156,65"
"156,65","156,63"
"156,63","156,60"
"156,60","156,70"
"156,70","156,64"
"156,64","156,65"
"156,65","156,54"
"156,54","156,49"
"156,49","156,52"
"156,52","156,53"
"156,53","156,52"
"156,52","156,45"
"156,45","156,48"
"156,48","156,44"
"156,44","156,39"
"156,39","156,34"
"156,34","156,36"
"156,36","156,45"
"156,45","156,34"
"156,34","156,26"
"156,26","156,16"
"156,16","156,20"
"156,20","156,19"
"156,19","156,18"
"156,18","156,24"
"156,24","156,13"
"156,13","156,13"
"156,13","156,04"
"156,04","155,98"
"155,98","155,97"
"155,97","155,96"
"155,96","156,00"
"156,00","156,06"
"156,06","156,01"
"156,01","156,00"
"156,00","155,89"
"155,89","155,91"
"155,91","156,02"
"156,02","156,04"
"156,04","156,21"
"156,21","156,17"
"156,17","156,15"
"156,15","156,18"
"156,18","156,15"
"156,15","156,20"
"156,20","156,16"
"156,16","156,18"
"156,18","156,23"
"156,23","156,28"
"156,28","156,17"
"156,17","156,15"
"156,15","156,09"
"156,09","156,10"
"156,10","156,04"
"156,04","156,11"
"156,11","156,09"
"156,09","156,05"
"156,05","155,97"
"155,97","156,03"
"156,03","156,09"
"156,09","156,15"
"156,15","156,25"
"156,25","156,10"
"156,10","156,02"
"156,02","156,09"
"156,09","156,10"
"156,10","155,90"
"155,90","155,95"
"155,95","155,97"
"155,97","156,01"
"156,01","156,03"
"156,03","156,00"
"156,00","156,01"
"156,01","155,97"
"155,97","155,90"
"155,90","155,92"
"155,92","155,94"
"155,94","155,80"
"155,80","155,89"
"155,89","155,93"
"155,93","155,93"
"155,93","155,94"
"155,94","156,00"
"156,00","156,08"
"156,08","156,08"
"156,08","156,19"
"156,19","156,19"
"156,19","156,27"
"156,27","156,36"
"156,36","156,38"
"156,38","156,58"
"156,58","156,69"
"156,69","156,66"
"156,66","156,60"
"156,60","156,54"
"156,54","156,47"
"156,47","156,46"
"156,46","156,57"
"156,57","156,61"
"156,61","156,39"
"156,39","156,42"
"156,42","156,46"
"156,46","156,42"
"156,42","157,24"
"157,24","157,62"
"157,62","157,71"
"157,71","157,79"
"157,79","157,74"
"157,74","157,87"
"157,87","157,86"
"157,86","157,49"
"157,49","157,56"
"157,56","157,65"
"157,65","157,83"
"157,83","157,94"
"157,94","158,09"
"158,09","158,07"
"158,07","158,25"
"158,25","158,35"
"158,35","158,41"
"158,41","158,40"
"158,40","158,31"
"158,31","158,17"
"158,17","158,40"
"158,40","158,59"
"158,59","158,58"
"158,58","158,57"
"158,57","158,58"
"158,58","158,67"
"158,67","158,88"
"158,88","158,96"
"158,96","158,86"
"158,86","158,90"
"158,90","159,38"
"159,38","159,33"
"159,33","159,25"
"159,25","159,11"
"159,11","159,18"
"159,18","159,07"
"159,07","159,00"
"159,00","158,86"
"158,86","158,77"
"158,77","158,85"
"158,85","158,83"
"158,83","158,88"
"158,88","158,85"
"158,85","158,97"
"158,97","158,99"
"158,99","159,03"
"159,03","159,04"
"159,04","159,18"
"159,18","159,19"
"159,19","159,18"
"159,18","159,10"
"159,10","159,14"
"159,14","159,20"
"159,20","159,08"
"159,08","159,22"
"159,22","159,15"
"159,15","159,13"
"159,13","159,17"
"159,17","159,19"
"159,19","159,19"
"159,19","159,18"
"159,18","159,20"
"159,20","159,21"
"159,21","159,20"
"159,20","159,36"
"159,36","159,37"
"159,37","159,41"
"159,41","159,49"
"159,49","159,38"
"159,38","159,33"
"159,33","159,51"
"159,51","159,68"
"159,68","159,71"
"159,71","159,80"
"159,80","159,82"
"159,82","159,88"
"159,88","159,96"
"159,96","159,91"
"159,91","159,81"
"159,81","159,61"
"159,61","159,87"
"159,87","159,77"
"159,77","159,87"
"159,87","159,90"
"159,90","159,90"
"159,90","159,87"
"159,87","159,93"
"159,93","159,90"
"159,90","159,59"
"159,59","159,54"
"159,54","159,51"
"159,51","159,40"
"159,40","159,50"
"159,50","159,60"
"159,60","159,60"
"159,60","159,78"
"159,78","159,82"
"159,82","159,73"
"159,73","159,65"
"159,65","159,57"
"159,57","159,63"
"159,63","159,70"
"159,70","159,71"
"159,71","159,67"
"159,67","159,73"
"159,73","159,69"
"159,69","159,62"
"159,62","159,62"
"159,62","159,58"
"159,58","159,39"
"159,39","159,37"
"159,37","159,37"
"159,37","159,30"
"159,30","159,27"
"159,27","159,29"
"159,29","159,28"
"159,28","159,30"
"159,30","159,34"
"159,34","159,31"
"159,31","159,40"
"159,40","159,38"
"159,38","159,35"
"159,35","159,25"
"159,25","159,27"
"159,27","159,26"
"159,26","159,36"
"159,36","159,34"
"159,34","159,33"
"159,33","159,30"
"159,30","159,19"
"159,19","159,23"
"159,23","159,06"
"159,06","159,17"
"159,17","159,26"
"159,26","159,29"
"159,29","159,27"
"159,27","159,36"
"159,36","159,38"
"159,38","159,40"
"159,40","159,40"
"159,40","159,38"
"159,38","159,33"
"159,33","159,34"
"159,34","159,27"
"159,27","159,21"
"159,21","159,32"
"159,32","159,21"
"159,21","159,12"
"159,12","159,20"
"159,20","159,21"
"159,21","159,23"
"159,23","159,13"
"159,13","159,15"
"159,15","159,13"
"159,13","159,10"
"159,10","159,08"
"159,08","159,10"
"159,10","159,07"
"159,07","159,04"
"159,04","159,07"
"159,07","159,00"
"159,00","159,07"
"159,07","159,14"
"159,14","159,08"
"159,08","159,11"
"159,11","159,12"
"159,12","159,13"
"159,13","159,10"
"159,10","159,13"
"159,13","159,13"
"159,13","159,11"
"159,11","158,98"
"158,98","158,98"
"158,98","158,90"
"158,90","158,86"
"158,86","158,92"
"158,92","158,96"
"158,96","158,90"
"158,90","158,93"
"158,93","158,86"
"158,86","158,73"
"158,73","158,78"
"158,78","158,65"
"158,65","158,71"
"158,71","158,72"
"158,72","158,74"
"158,74","158,79"
"158,79","158,74"
"158,74","158,77"
"158,77","158,66"
"158,66","158,62"
"158,62","158,51"
"158,51","158,51"
"158,51","158,58"
"158,58","158,54"
"158,54","158,56"
"158,56","158,68"
"158,68","158,73"
"158,73","158,81"
"158,81","158,78"
"158,78","158,75"
"158,75","158,76"
"158,76","158,73"
"158,73","158,76"
"158,76","158,79"
"158,79","158,80"
"158,80","158,74"
"158,74","158,76"
"158,76","158,80"
"158,80","158,79"
"158,79","158,83"
"158,83","158,80"
"158,80","158,77"
"158,77","158,79"
"158,79","158,83"
"158,83","158,95"
"158,95","158,96"
"158,96","158,98"
"158,98","158,98"
"158,98","158,98"
"158,98","158,99"
"158,99","159,00"
"159,00","159,00"
"159,00","159,00"
"159,00","158,97"
"158,97","158,97"
"158,97","158,96"
"158,96","158,99"
"158,99","158,99"
"158,99","158,96"
"158,96","158,87"
"158,87","158,68"
"158,68","158,48"
"158,48","158,47"
"158,47","158,41"
"158,41","158,34"
"158,34","158,23"
"158,23","158,09"
"158,09","158,10"
"158,10","158,11"
"158,11","157,84"
"157,84","157,88"
"157,88","157,82"
"157,82","157,90"
"157,90","157,93"
"157,93","157,97"
"157,97","157,92"
"157,92","157,80"
"157,80","157,76"
"157,76","157,58"
"157,58","157,60"
"157,60","157,55"
"157,55","157,38"
"157,38","157,41"
"157,41","157,42"
"157,42","157,42"
"157,42","157,44"
"157,44","157,49"
"157,49","157,56"
"157,56","157,39"
"157,39","157,11"
"157,11","156,88"
"156,88","156,65"
"156,65","156,50"
"156,50","156,49"
"156,49","156,52"
"156,52","156,65"
"156,65","156,69"
"156,69","156,57"
"156,57","156,63"
"156,63","156,42"
"156,42","156,48"
"156,48","156,32"
"156,32","156,49"
"156,49","156,39"
"156,39","156,26"
"156,26","156,09"
"156,09","156,27"
"156,27","156,23"
"156,23","156,13"
"156,13","156,09"
"156,09","156,04"
"156,04","156,04"
"156,04","155,75"
"155,75","155,87"
"155,87","155,95"
"155,95","155,84"
"155,84","156,02"
"156,02","156,15"
"156,15","155,98"
"155,98","156,02"
"156,02","156,02"
"156,02","156,02"
"156,02","155,95"
"155,95","156,01"
"156,01","156,17"
"156,17","156,16"
"156,16","156,14"
"156,14","156,28"
"156,28","156,28"
"156,28","156,40"
"156,40","156,60"
"156,60","156,56"
"156,56","156,64"
"156,64","156,70"
"156,70","156,74"
"156,74","156,74"
"156,74","156,85"
"156,85","156,81"
"156,81","156,71"
"156,71","156,71"
"156,71","156,55"
"156,55","156,49"
"156,49","156,68"
"156,68","156,63"
"156,63","156,69"
"156,69","156,53"
"156,53","156,48"
"156,48","156,51"
"156,51","156,47"
"156,47","156,56"
"156,56","156,67"
"156,67","156,56"
"156,56","156,55"
"156,55","156,46"
"156,46","156,37"
"156,37","156,22"
"156,22","156,09"
"156,09","156,11"
"156,11","155,93"
"155,93","155,90"
"155,90","156,01"
"156,01","156,07"
"156,07","156,15"
"156,15","156,03"
"156,03","155,97"
"155,97","155,99"
"155,99","155,94"
"155,94","156,04"
"156,04","155,93"
"155,93","155,98"
"155,98","155,96"
"155,96","156,02"
"156,02","156,17"
"156,17","156,33"
"156,33","156,38"
"156,38","156,24"
"156,24","156,33"
"156,33","156,50"
"156,50","156,41"
"156,41","156,41"
"156,41","156,29"
"156,29","156,48"
"156,48","156,67"
"156,67","156,67"
"156,67","156,64"
"156,64","156,65"
"156,65","156,67"
"156,67","156,60"
"156,60","156,38"
"156,38","156,52"
"156,52","156,64"
"156,64","156,80"
"156,80","156,77"
"156,77","156,74"
"156,74","156,70"
"156,70","156,77"
"156,77","156,94"
"156,94","157,14"
"157,14","157,26"
"157,26","157,22"
"157,22","157,10"
"157,10","157,22"
"157,22","157,22"
"157,22","157,19"
"157,19","157,03"
"157,03","157,06"
"157,06","157,09"
"157,09","156,99"
"156,99","156,86"
"156,86","156,89"
"156,89","156,84"
"156,84","156,67"
"156,67","156,75"
"156,75","156,74"
"156,74","156,78"
"156,78","156,70"
"156,70","156,63"
"156,63","156,74"
"156,74","156,85"
"156,85","154,86"
"154,86","154,90"
"154,90","155,04"
"155,04","155,28"
"155,28","155,22"
"155,22","154,99"
"154,99","154,82"
"154,82","154,66"
"154,66","154,59"
"154,59","154,51"
"154,51","154,34"
"154,34","154,32"
"154,32","154,19"
"154,19","154,22"
"154,22","154,10"
"154,10","154,05"
"154,05","153,91"
"153,91","153,80"
"153,80","154,26"
"154,26","154,41"
"154,41","154,50"
"154,50","154,63"
"154,63","154,30"
"154,30","154,17"
"154,17","154,30"
"154,30","154,31"
"154,31","154,51"
"154,51","154,35"
"154,35","154,47"
"154,47","154,37"
"154,37","154,46"
"154,46","154,59"
"154,59","154,51"
"154,51","154,35"
"154,35","154,35"
"154,35","154,48"
"154,48","154,63"
"154,63","154,65"
"154,65","154,68"
"154,68","154,85"
"154,85","154,89"
"154,89","154,98"
"154,98","155,04"
"155,04","155,05"
"155,05","155,30"
"155,30","155,39"
"155,39","155,25"
"155,25","155,28"
"155,28","155,24"
"155,24","155,24"
"155,24","155,26"
"155,26","155,34"
"155,34","155,42"
"155,42","155,27"
"155,27","155,27"
"155,27","155,29"
"155,29","155,25"
"155,25","155,32"
"155,32","155,39"
"155,39","155,67"
"155,67","155,66"
"155,66","155,42"
"155,42","155,30"
"155,30","155,13"
"155,13","155,27"
"155,27","155,29"
"155,29","155,31"
"155,31","155,49"
"155,49","155,50"
"155,50","155,42"
"155,42","155,18"
"155,18","155,33"
"155,33","155,28"
"155,28","155,44"
"155,44","155,63"
"155,63","155,72"
"155,72","155,93"
"155,93","155,84"
"155,84","155,91"
"155,91","155,96"
"155,96","155,96"
"155,96","156,03"
"156,03","155,95"
"155,95","156,02"
"156,02","156,00"
"156,00","156,16"
"156,16","156,24"
"156,24","156,40"
"156,40","156,32"
"156,32","156,41"
"156,41","156,36"
"156,36","156,12"
"156,12","156,00"
"156,00","155,93"
"155,93","155,64"
"155,64","155,77"
"155,77","155,81"
"155,81","155,84"
"155,84","155,58"
"155,58","155,62"
"155,62","155,51"
"155,51","155,43"
"155,43","155,54"
"155,54","155,43"
"155,43","155,41"
"155,41","155,26"
"155,26","155,25"
"155,25","155,31"
"155,31","155,25"
"155,25","155,22"
"155,22","155,08"
"155,08","155,13"
"155,13","155,18"
"155,18","155,27"
"155,27","155,21"
"155,21","155,26"
"155,26","155,33"
"155,33","155,39"
"155,39","155,16"
"155,16","155,24"
"155,24","155,05"
"155,05","155,03"
"155,03","155,17"
"155,17","155,14"
"155,14","154,96"
"154,96","154,98"
"154,98","154,95"
"154,95","155,05"
"155,05","155,14"
"155,14","155,04"
"155,04","155,25"
"155,25","155,48"
"155,48","155,63"
"155,63","155,60"
"155,60","155,55"
"155,55","155,50"
"155,50","155,46"
"155,46","155,48"
"155,48","155,50"
"155,50","155,49"
"155,49","155,49"
"155,49","155,49"
"155,49","155,42"
"155,42","155,23"
"155,23","155,16"
"155,16","155,16"
"155,16","155,19"
"155,19","155,09"
"155,09","155,03"
"155,03","155,09"
"155,09","155,00"
"155,00","155,09"
"155,09","155,13"
"155,13","155,05"
"155,05","155,00"
"155,00","155,05"
"155,05","154,97"
"154,97","154,86"
"154,86","154,90"
"154,90","154,90"
"154,90","154,78"
"154,78","154,71"
"154,71","154,70"
"154,70","154,64"
"154,64","154,65"
"154,65","154,64"
"154,64","154,78"
"154,78","154,72"
"154,72","154,61"
"154,61","154,57"
"154,57","154,53"
"154,53","154,60"
"154,60","154,52"
"154,52","154,56"
"154,56","154,88"
"154,88","154,75"
"154,75","154,67"
"154,67","154,72"
"154,72","154,69"
"154,69","154,79"
"154,79","154,83"
"154,83","154,75"
"154,75","154,85"
"154,85","154,89"
"154,89","154,80"
"154,80","154,92"
"154,92","154,99"
"154,99","155,03"
"155,03","155,18"
"155,18","155,12"
"155,12","155,03"
"155,03","155,08"
"155,08","155,15"
"155,15","155,08"
"155,08","155,02"
"155,02","154,99"
"154,99","155,04"
"155,04","154,98"
"154,98","155,01"
"155,01","154,85"
"154,85","154,82"
"154,82","154,81"
"154,81","154,80"
"154,80","154,87"
"154,87","154,60"
"154,60","154,76"
"154,76","154,70"
"154,70","154,70"
"154,70","154,75"
"154,75","154,95"
"154,95","154,88"
"154,88","154,95"
"154,95","154,85"
"154,85","154,79"
"154,79","154,82"
"154,82","154,85"
"154,85","154,89"
"154,89","154,90"
"154,90","154,81"
"154,81","154,68"
"154,68","154,69"
"154,69","154,74"
"154,74","154,67"
"154,67","154,51"
"154,51","154,56"
"154,56","154,59"
"154,59","154,60"
"154,60","154,58"
"154,58","154,56"
"154,56","154,60"
"154,60","154,75"
"154,75","154,67"
"154,67","154,64"
"154,64","154,72"
"154,72","154,81"
"154,81","154,73"
"154,73","154,70"
"154,70","154,70"
"154,70","154,79"
"154,79","154,73"
"154,73","154,71"
"154,71","154,65"
"154,65","154,68"
"154,68","154,65"
"154,65","154,59"
"154,59","154,61"
"154,61","154,55"
"154,55","154,58"
"154,58","154,54"
"154,54","154,57"
"154,57","154,40"
"154,40","154,28"
"154,28","154,23"
"154,23","154,25"
"154,25","154,14"
"154,14","154,02"
"154,02","154,09"
"154,09","154,16"
"154,16","154,45"
"154,45","154,38"
"154,38","154,38"
"154,38","154,30"
"154,30","154,32"
"154,32","154,33"
"154,33","154,46"
"154,46","154,36"
"154,36","154,29"
"154,29","154,37"
"154,37","154,60"
"154,60","154,52"
"154,52","154,64"
"154,64","154,53"
"154,53","154,61"
"154,61","154,65"
"154,65","154,79"
"154,79","154,73"
"154,73","154,67"
"154,67","154,68"
"154,68","154,71"
"154,71","154,77"
"154,77","154,81"
"154,81","154,82"
"154,82","155,01"
"155,01","154,92"
"154,92","155,11"
"155,11","155,29"
"155,29","155,31"
"155,31","155,33"
"155,33","155,27"
"155,27","155,35"
"155,35","155,57"
"155,57","155,51"
"155,51","155,46"
"155,46","155,40"
"155,40","155,35"
"155,35","155,34"
"155,34","155,35"
"155,35","155,25"
"155,25","155,54"
"155,54","155,61"
"155,61","155,52"
"155,52","155,40"
"155,40","155,59"
"155,59","155,67"
"155,67","155,62"
"155,62","155,57"
"155,57","155,58"
"155,58","155,33"
"155,33","155,38"
"155,38","155,33"
"155,33","155,46"
"155,46","155,61"
"155,61","155,37"
"155,37","155,34"
"155,34","155,35"
"155,35","155,37"
"155,37","155,47"
"155,47","155,30"
"155,30","155,34"
"155,34","155,36"
"155,36","155,32"
"155,32","155,32"
"155,32","155,14"
"155,14","155,15"
"155,15","155,15"
"155,15","155,12"
"155,12","155,10"
"155,10","155,08"
"155,08","155,16"
"155,16","155,23"
"155,23","155,03"
"155,03","155,17"
"155,17","155,27"
"155,27","155,37"
"155,37","155,46"
"155,46","155,48"
"155,48","155,34"
"155,34","155,29"
"155,29","155,37"
"155,37","155,45"
"155,45","155,30"
"155,30","155,08"
"155,08","155,19"
"155,19","155,26"
"155,26","155,33"
"155,33","155,36"
"155,36","155,56"
"155,56","155,62"
"155,62","155,80"
"155,80","156,02"
"156,02","156,05"
"156,05","156,17"
"156,17","155,78"
"155,78","155,78"
"155,78","155,73"
"155,73","155,78"
"155,78","155,67"
"155,67","155,61"
"155,61","155,63"
"155,63","155,54"
"155,54","155,75"
"155,75","155,83"
"155,83","155,87"
"155,87","155,71"
"155,71","155,45"
"155,45","155,48"
"155,48","155,46"
"155,46","155,41"
"155,41","155,57"
"155,57","155,41"
"155,41","155,55"
"155,55","155,59"
"155,59","155,57"
"155,57","155,69"
"155,69","155,60"
"155,60","155,50"
"155,50","155,75"
"155,75","155,73"
"155,73","155,70"
"155,70","155,61"
"155,61","155,76"
"155,76","155,83"
"155,83","155,77"
"155,77","155,78"
"155,78","155,73"
"155,73","155,79"
"155,79","155,79"
"155,79","155,83"
"155,83","155,73"
"155,73","155,57"
"155,57","155,77"
"155,77","156,48"
"156,48","156,53"
"156,53","156,50"
"156,50","156,59"
"156,59","156,24"
"156,24","156,12"
"156,12","156,25"
"156,25","156,17"
"156,17","155,79"
"155,79","155,79"
"155,79","155,56"
"155,56","155,79"
"155,79","155,23"
"155,23","155,22"
"155,22","155,22"
"155,22","155,25"
"155,25","155,25"
"155,25","155,58"
"155,58","155,18"
"155,18","155,02"
"155,02","155,13"
"155,13","155,15"
"155,15","155,12"
"155,12","155,23"
"155,23","154,98"
"154,98","154,95"
"154,95","154,92"
"154,92","154,81"
"154,81","154,63"
"154,63","154,75"
"154,75","154,60"
"154,60","155,03"
"155,03","155,02"
"155,02","154,93"
"154,93","154,84"
"154,84","154,87"
"154,87","155,05"
"155,05","155,19"
"155,19","155,26"
"155,26","155,29"
"155,29","155,30"
"155,30","155,15"
"155,15","155,06"
"155,06","155,36"
"155,36","155,45"
"155,45","155,67"
"155,67","155,84"
"155,84","155,89"
"155,89","155,79"
"155,79","155,76"
"155,76","155,65"
"155,65","155,69"
"155,69","155,86"
"155,86","155,89"
"155,89","155,74"
"155,74","155,94"
"155,94","155,79"
"155,79","155,66"
"155,66","155,70"
"155,70","155,83"
"155,83","156,13"
"156,13","156,16"
"156,16","156,20"
"156,20","156,37"
"156,37","156,26"
"156,26","156,25"
"156,25","156,22"
"156,22","156,08"
"156,08","156,05"
"156,05","156,05"
"156,05","155,95"
"155,95","155,88"
"155,88","155,90"
"155,90","155,91"
"155,91","155,83"
"155,83","156,09"
"156,09","155,99"
"155,99","155,93"
"155,93","155,80"
"155,80","155,81"
"155,81","155,89"
"155,89","155,72"
"155,72","155,59"
"155,59","155,58"
"155,58","155,57"
"155,57","155,47"
"155,47","155,38"
"155,38","155,30"
"155,30","155,29"
"155,29","155,45"
"155,45","155,52"
"155,52","155,50"
"155,50","155,39"
"155,39","155,27"
"155,27","155,17"
"155,17","155,21"
"155,21","155,14"
"155,14","155,07"
"155,07","155,08"
"155,08","155,09"
"155,09","155,33"
"155,33","155,35"
"155,35","155,27"
"155,27","155,17"
"155,17","155,38"
"155,38","155,18"
"155,18","155,26"
"155,26","155,27"
"155,27","155,13"
"155,13","155,03"
"155,03","154,94"
"154,94","154,98"
"154,98","154,97"
"154,97","154,96"
"154,96","154,80"
"154,80","154,78"
"154,78","154,62"
"154,62","154,75"
"154,75","154,84"
"154,84","154,85"
"154,85","154,89"
"154,89","155,00"
"155,00","155,02"
"155,02","155,22"
"155,22","155,25"
"155,25","155,21"
"155,21","155,04"
"155,04","155,02"
"155,02","154,72"
"154,72","154,74"
"154,74","154,83"
"154,83","154,80"
"154,80","154,74"
"154,74","154,96"
"154,96","155,21"
"155,21","155,23"
"155,23","155,33"
"155,33","155,40"
"155,40","155,34"
"155,34","155,26"
"155,26","155,18"
"155,18","155,12"
"155,12","155,09"
"155,09","155,12"
"155,12","155,16"
"155,16","155,05"
"155,05","155,04"
"155,04","155,05"
"155,05","155,06"
"155,06","155,08"
"155,08","155,12"
"155,12","155,10"
"155,10","155,17"
"155,17","155,09"
"155,09","154,98"
"154,98","155,03"
"155,03","155,09"
"155,09","155,16"
"155,16","155,30"
"155,30","155,31"
"155,31","155,21"
"155,21","155,39"
"155,39","155,36"
"155,36","155,25"
"155,25","155,20"
"155,20","155,05"
"155,05","154,86"
"154,86","154,91"
"154,91","154,85"
"154,85","154,82"
"154,82","154,88"
"154,88","154,83"
"154,83","154,80"
"154,80","154,80"
"154,80","154,73"
"154,73","154,90"
"154,90","154,83"
"154,83","154,96"
"154,96","154,91"
"154,91","154,81"
"154,81","154,78"
"154,78","154,71"
"154,71","154,79"
"154,79","154,75"
"154,75","154,82"
"154,82","154,67"
"154,67","154,50"
"154,50","154,53"
"154,53","154,52"
"154,52","154,63"
"154,63","154,53"
"154,53","154,54"
"154,54","154,56"
"154,56","154,53"
"154,53","154,36"
"154,36","154,36"
"154,36","154,27"
"154,27","154,33"
"154,33","154,32"
"154,32","154,37"
"154,37","154,26"
"154,26","154,27"
"154,27","154,41"
"154,41","154,52"
"154,52","154,58"
"154,58","154,65"
"154,65","154,55"
"154,55","154,58"
"154,58","154,51"
"154,51","154,50"
"154,50","154,44"
"154,44","154,69"
"154,69","154,74"
"154,74","154,81"
"154,81","154,77"
"154,77","154,92"
"154,92","154,93"
"154,93","154,82"
"154,82","154,76"
"154,76","154,78"
"154,78","154,81"
"154,81","154,76"
"154,76","154,81"
"154,81","155,01"
"155,01","154,96"
"154,96","155,06"
"155,06","154,98"
"154,98","155,06"
"155,06","154,95"
"154,95","154,94"
"154,94","154,89"
"154,89","154,85"
"154,85","154,74"
"154,74","154,77"
"154,77","154,62"
"154,62","154,59"
"154,59","154,67"
"154,67","154,61"
"154,61","154,52"
"154,52","154,36"
"154,36","154,27"
"154,27","154,42"
"154,42","154,32"
"154,32","154,33"
"154,33","154,37"
"154,37","154,39"
"154,39","154,51"
"154,51","154,46"
"154,46","154,34"
"154,34","154,28"
"154,28","154,35"
"154,35","154,30"
"154,30","154,31"
"154,31","154,20"
"154,20","154,23"
"154,23","154,22"
"154,22","154,33"
"154,33","154,41"
"154,41","154,54"
"154,54","154,61"
"154,61","154,87"
"154,87","154,85"
"154,85","154,96"
"154,96","155,08"
"155,08","155,05"
"155,05","154,98"
"154,98","154,99"
"154,99","155,09"
"155,09","155,05"
"155,05","154,93"
"154,93","154,84"
"154,84","154,80"
"154,80","154,77"
"154,77","154,89"
"154,89","154,88"
"154,88","154,71"
"154,71","154,91"
"154,91","154,96"
"154,96","155,02"
"155,02","154,91"
"154,91","154,90"
"154,90","154,75"
"154,75","154,86"
"154,86","154,88"
"154,88","154,91"
"154,91","155,02"
"155,02","155,09"
"155,09","155,04"
"155,04","154,89"
"154,89","154,90"
"154,90","154,93"
"154,93","154,92"
"154,92","155,00"
"155,00","154,80"
"154,80","154,77"
"154,77","154,82"
"154,82","154,84"
"154,84","154,71"
"154,71","154,67"
"154,67","154,74"
"154,74","154,58"
"154,58","154,81"
"154,81","154,84"
"154,84","154,85"
"154,85","154,96"
"154,96","155,08"
"155,08","154,98"
"154,98","155,00"
"155,00","154,98"
"154,98","155,09"
"155,09","155,07"
"155,07","155,05"
"155,05","155,18"
"155,18","155,30"
"155,30","155,16"
"155,16","155,05"
"155,05","155,11"
"155,11","155,16"
"155,16","155,24"
"155,24","155,06"
"155,06","155,04"
"155,04","155,14"
"155,14","155,06"
"155,06","155,04"
"155,04","155,07"
"155,07","155,18"
"155,18","155,26"
"155,26","155,43"
"155,43","155,41"
"155,41","155,32"
"155,32","155,42"
"155,42","155,44"
"155,44","155,32"
"155,32","155,22"
"155,22","155,22"
"155,22","155,08"
"155,08","155,09"
"155,09","155,05"
"155,05","155,02"
"155,02","155,09"
"155,09","154,89"
"154,89","154,85"
"154,85","154,80"
"154,80","154,84"
"154,84","154,81"
"154,81","154,83"
"154,83","154,72"
"154,72","154,82"
"154,82","154,85"
"154,85","154,90"
"154,90","154,83"
"154,83","154,80"
"154,80","154,68"
"154,68","154,77"
"154,77","154,72"
"154,72","154,85"
"154,85","155,03"
"155,03","155,08"
"155,08","155,05"
"155,05","155,14"
"155,14","155,01"
"155,01","155,18"
"155,18","155,17"
"155,17","155,16"
"155,16","155,15"
"155,15","155,06"
"155,06","154,99"
"154,99","154,90"
"154,90","154,84"
"154,84","154,90"
"154,90","154,95"
"154,95","154,90"
"154,90","155,03"
"155,03","155,02"
"155,02","155,00"
"155,00","154,92"
"154,92","154,98"
"154,98","154,92"
"154,92","154,86"
"154,86","154,86"
"154,86","154,78"
"154,78","154,74"
"154,74","154,69"
"154,69","154,62"
"154,62","154,58"
"154,58","154,58"
"154,58","154,50"
"154,50","154,53"
"154,53","154,64"
"154,64","154,63"
"154,63","154,21"
"154,21","154,73"
"154,73","154,36"
"154,36","155,10"
"155,10","155,50"
"155,50","155,37"
"155,37","155,12"
"155,12","155,08"
"155,08","155,30"
"155,30","155,21"
"155,21","155,17"
"155,17","155,08"
"155,08","155,08"
"155,08","155,21"
"155,21","155,04"
"155,04","154,91"
"154,91","154,80"
"154,80","154,90"
"154,90","155,01"
"155,01","155,14"
"155,14","155,21"
"155,21","155,13"
"155,13","155,09"
"155,09","155,09"
"155,09","155,11"
"155,11","155,15"
"155,15","155,15"
"155,15","155,14"
"155,14","154,95"
"154,95","154,88"
"154,88","155,23"
"155,23","154,94"
"154,94","154,98"
"154,98","154,58"
"154,58","154,79"
"154,79","154,71"
"154,71","154,71"
"154,71","154,51"
"154,51","154,77"
"154,77","154,48"
"154,48","154,51"
"154,51","154,43"
"154,43","154,51"
"154,51","154,53"
"154,53","154,39"
"154,39","154,54"
"154,54","154,80"
"154,80","154,62"
"154,62","154,71"
"154,71","154,87"
"154,87","154,95"
"154,95","154,87"
"154,87","154,88"
"154,88","155,00"
"155,00","155,06"
"155,06","155,34"
"155,34","155,24"
"155,24","155,29"
"155,29","155,43"
"155,43","155,34"
"155,34","155,49"
"155,49","155,58"
"155,58","155,70"
"155,70","155,66"
"155,66","155,64"
"155,64","155,66"
"155,66","155,70"
"155,70","155,72"
"155,72","155,70"
"155,70","155,77"
"155,77","155,81"
"155,81","155,85"
"155,85","155,78"
"155,78","155,75"
"155,75","155,80"
"155,80","155,75"
"155,75","155,82"
"155,82","155,75"
"155,75","155,68"
"155,68","155,57"
"155,57","155,71"
"155,71","155,60"
"155,60","155,74"
"155,74","155,77"
"155,77","155,91"
"155,91","156,08"
"156,08","156,25"
"156,25","156,19"
"156,19","156,13"
"156,13","156,09"
"156,09","156,19"
"156,19","156,23"
"156,23","156,29"
"156,29","156,24"
"156,24","156,12"
"156,12","156,04"
"156,04","156,14"
"156,14","156,14"
"156,14","156,02"
"156,02","156,05"
"156,05","155,74"
"155,74","155,89"
"155,89","155,86"
"155,86","155,95"
"155,95","156,06"
"156,06","156,05"
"156,05","156,09"
"156,09","156,10"
"156,10","156,25"
"156,25","156,08"
"156,08","156,15"
"156,15","156,11"
"156,11","156,10"
"156,10","155,93"
"155,93","155,80"
"155,80","155,73"
"155,73","155,78"
"155,78","155,76"
"155,76","155,76"
"155,76","155,72"
"155,72","155,81"
"155,81","155,88"
"155,88","155,92"
"155,92","156,10"
"156,10","156,14"
"156,14","156,13"
"156,13","156,12"
"156,12","156,10"
"156,10","156,19"
"156,19","156,30"
"156,30","156,30"
"156,30","156,19"
"156,19","156,32"
"156,32","156,31"
"156,31","156,20"
"156,20","156,29"
"156,29","156,27"
"156,27","156,27"
"156,27","156,01"
"156,01","155,96"
"155,96","155,89"
"155,89","155,95"
"155,95","155,94"
"155,94","155,97"
"155,97","155,77"
"155,77","155,68"
"155,68","155,65"
"155,65","155,61"
"155,61","155,63"
"155,63","155,81"
"155,81","155,83"
"155,83","155,77"
"155,77","155,97"
"155,97","155,97"
"155,97","156,01"
"156,01","155,96"
"155,96","155,87"
"155,87","155,75"
"155,75","155,60"
"155,60","155,67"
"155,67","155,68"
"155,68","155,70"
"155,70","155,83"
"155,83","155,69"
"155,69","155,66"
"155,66","155,70"
"155,70","155,75"
"155,75","155,72"
"155,72","155,69"
"155,69","155,61"
"155,61","155,56"
"155,56","155,56"
"155,56","155,52"
"155,52","155,58"
"155,58","155,53"
"155,53","155,51"
"155,51","155,52"
"155,52","155,58"
"155,58","155,64"
"155,64","155,64"
"155,64","155,53"
"155,53","155,52"
"155,52","155,52"
"155,52","155,55"
"155,55","155,59"
"155,59","155,54"
"155,54","155,55"
"155,55","155,50"
"155,50","155,45"
"155,45","155,59"
"155,59","155,60"
"155,60","155,64"
"155,64","155,72"
"155,72","155,85"
"155,85","155,99"
"155,99","155,89"
"155,89","155,97"
"155,97","155,96"
"155,96","156,04"
"156,04","156,10"
"156,10","156,18"
"156,18","156,29"
"156,29","156,35"
"156,35","156,32"
"156,32","156,30"
"156,30","156,23"
"156,23","156,27"
"156,27","156,14"
"156,14","156,21"
"156,21","156,31"
"156,31","156,27"
"156,27","156,30"
"156,30","156,31"
"156,31","156,24"
"156,24","156,19"
"156,19","156,33"
"156,33","156,22"
"156,22","156,35"
"156,35","156,46"
"156,46","156,24"
"156,24","156,15"
"156,15","156,12"
"156,12","156,18"
"156,18","156,13"
"156,13","156,13"
"156,13","156,14"
"156,14","156,22"
"156,22","156,26"
"156,26","156,20"
"156,20","156,00"
"156,00","156,09"
"156,09","155,95"
"155,95","155,97"
"155,97","156,02"
"156,02","156,03"
"156,03","155,99"
"155,99","155,96"
"155,96","156,13"
"156,13","156,12"
"156,12","156,28"
"156,28","156,21"
"156,21","156,18"
"156,18","156,28"
"156,28","156,31"
"156,31","156,29"
"156,29","156,27"
"156,27","156,19"
"156,19","156,23"
"156,23","156,27"
"156,27","156,27"
"156,27","156,20"
"156,20","156,28"
"156,28","156,31"
"156,31","156,32"
"156,32","156,37"
"156,37","156,30"
"156,30","156,36"
"156,36","156,42"
"156,42","156,51"
"156,51","156,51"
"156,51","156,51"
"156,51","156,51"
"156,51","156,47"
"156,47","156,47"
"156,47","156,52"
"156,52","156,51"
"156,51","156,50"
"156,50","156,54"
"156,54","156,59"
"156,59","156,58"
"156,58","156,68"
"156,68","156,65"
"156,65","156,67"
"156,67","156,82"
"156,82","156,87"
"156,87","156,85"
"156,85","156,86"
"156,86","156,87"
"156,87","156,92"
"156,92","156,85"
"156,85","156,88"
"156,88","156,88"
"156,88","156,82"
"156,82","156,82"
"156,82","156,79"
"156,79","156,91"
"156,91","156,90"
"156,90","156,89"
"156,89","156,90"
"156,90","156,93"
"156,93","156,86"
"156,86","156,83"
"156,83","156,81"
"156,81","156,75"
"156,75","156,75"
"156,75","156,79"
"156,79","156,78"
"156,78","156,65"
"156,65","156,71"
"156,71","156,73"
"156,73","156,74"
"156,74","156,59"
"156,59","156,66"
"156,66","156,57"
"156,57","156,54"
"156,54","156,52"
"156,52","156,55"
"156,55","156,53"
"156,53","156,63"
"156,63","156,77"
"156,77","156,70"
"156,70","156,74"
"156,74","156,78"
"156,78","156,80"
"156,80","156,78"
"156,78","156,75"
"156,75","156,77"
"156,77","156,84"
"156,84","156,80"
"156,80","156,95"
"156,95","156,96"
"156,96","156,94"
"156,94","156,95"
"156,95","156,95"
"156,95","156,95"
"156,95","156,99"
"156,99","156,96"
"156,96","156,79"
"156,79","156,88"
"156,88","156,88"
"156,88","156,87"
"156,87","156,92"
"156,92","156,92"
"156,92","156,88"
"156,88","156,94"
"156,94","156,93"
"156,93","156,97"
"156,97","156,90"
"156,90","156,94"
"156,94","156,95"
"156,95","156,96"
"156,96","156,94"
"156,94","156,93"
"156,93","156,93"
"156,93","156,94"
"156,94","156,89"
"156,89","156,91"
"156,91","156,93"
"156,93","156,92"
"156,92","156,98"
"156,98","157,02"
"157,02","157,09"
"157,09","157,02"
"157,02","157,05"
"157,05","157,02"
"157,02","157,02"
"157,02","157,01"
"157,01","157,03"
"157,03","157,01"
"157,01","157,06"
"157,06","157,10"
"157,10","157,12"
"157,12","157,16"
"157,16","157,18"
"157,18","157,20"
"157,20","157,33"
"157,33","157,51"
"157,51","157,53"
"157,53","157,57"
"157,57","157,54"
"157,54","157,51"
"157,51","157,43"
"157,43","157,36"
"157,36","157,31"
"157,31","157,31"
"157,31","157,38"
"157,38","157,38"
"157,38","157,39"
"157,39","157,31"
"157,31","157,35"
"157,35","157,32"
"157,32","157,38"
"157,38","157,38"
"157,38","157,38"
"157,38","157,38"
"157,38","157,30"
"157,30","157,16"
"157,16","156,72"
"156,72","157,27"
"157,27","156,97"
"156,97","157,07"
"157,07","157,06"
"157,06","157,09"
"157,09","157,14"
"157,14","157,02"
"157,02","156,97"
"156,97","156,78"
"156,78","156,79"
"156,79","156,53"
"156,53","156,68"
"156,68","156,72"
"156,72","156,79"
"156,79","156,97"
"156,97","156,97"
"156,97","156,38"
"156,38","156,61"
"156,61","156,03"
"156,03","156,00"
"156,00","155,90"
"155,90","155,73"
"155,73","155,42"
"155,42","155,54"
"155,54","155,34"
"155,34","155,25"
"155,25","155,00"
"155,00","155,05"
"155,05","155,00"
"155,00","155,06"
"155,06","154,82"
"154,82","154,82"
"154,82","155,11"
"155,11","155,10"
"155,10","155,28"
"155,28","155,30"
"155,30","155,40"
"155,40","155,58"
"155,58","155,70"
"155,70","156,16"
"156,16","155,95"
"155,95","156,05"
"156,05","155,99"
"155,99","155,90"
"155,90","155,91"
"155,91","155,71"
"155,71","155,83"
"155,83","155,62"
"155,62","155,41"
"155,41","155,51"
"155,51","155,44"
"155,44","155,66"
"155,66","155,56"
"155,56","155,65"
"155,65","155,69"
"155,69","155,60"
"155,60","155,50"
"155,50","155,39"
"155,39","155,30"
"155,30","155,12"
"155,12","155,06"
"155,06","155,04"
"155,04","154,91"
"154,91","154,69"
"154,69","154,87"
"154,87","154,85"
"154,85","154,81"
"154,81","155,02"
"155,02","154,91"
"154,91","154,67"
"154,67","154,54"
"154,54","154,28"
"154,28","154,19"
"154,19","154,39"
"154,39","154,28"
"154,28","154,27"
"154,27","154,43"
"154,43","154,55"
"154,55","154,46"
"154,46","154,51"
"154,51","154,45"
"154,45","154,54"
"154,54","154,55"
"154,55","154,52"
"154,52","154,60"
"154,60","154,46"
"154,46","154,51"
"154,51","154,76"
"154,76","154,76"
"154,76","154,89"
"154,89","154,79"
"154,79","154,84"
"154,84","154,84"
"154,84","154,90"
"154,90","155,04"
"155,04","155,08"
"155,08","155,29"
"155,29","155,28"
"155,28","155,47"
"155,47","155,38"
"155,38","155,38"
"155,38","155,27"
"155,27","155,21"
"155,21","155,03"
"155,03","155,12"
"155,12","155,07"
"155,07","155,13"
"155,13","155,17"
"155,17","155,20"
"155,20","155,10"
"155,10","155,07"
"155,07","155,08"
"155,08","155,10"
"155,10","154,94"
"154,94","154,90"
"154,90","154,87"
"154,87","154,96"
"154,96","154,84"
"154,84","154,81"
"154,81","154,77"
"154,77","154,76"
"154,76","154,74"
"154,74","154,79"
"154,79","154,76"
"154,76","154,71"
"154,71","154,69"
"154,69","154,65"
"154,65","154,53"
"154,53","154,59"
"154,59","154,63"
"154,63","154,54"
"154,54","154,49"
"154,49","154,40"
"154,40","154,51"
"154,51","154,52"
"154,52","154,43"
"154,43","154,40"
"154,40","154,32"
"154,32","154,22"
"154,22","154,26"
"154,26","154,33"
"154,33","154,21"
"154,21","154,28"
"154,28","154,30"
"154,30","154,45"
"154,45","154,53"
"154,53","154,48"
"154,48","154,46"
"154,46","154,49"
"154,49","154,59"
"154,59","154,53"
"154,53","154,55"
"154,55","154,51"
"154,51","154,40"
"154,40","154,35"
"154,35","154,24"
"154,24","154,41"
"154,41","154,50"
"154,50","154,47"
"154,47","154,55"
"154,55","154,52"
"154,52","154,61"
"154,61","154,58"
"154,58","154,63"
"154,63","154,63"
"154,63","154,54"
"154,54","154,57"
"154,57","154,59"
"154,59","154,59"
"154,59","154,62"
"154,62","154,64"
"154,64","154,69"
"154,69","154,68"
"154,68","154,71"
"154,71","154,60"
"154,60","154,74"
"154,74","154,74"
"154,74","154,75"
"154,75","154,74"
"154,74","154,66"
"154,66","154,73"
"154,73","154,71"
"154,71","154,61"
"154,61","154,48"
"154,48","154,46"
"154,46","154,31"
"154,31","154,35"
"154,35","154,41"
"154,41","154,43"
"154,43","154,52"
"154,52","154,58"
"154,58","154,70"
"154,70","154,63"
"154,63","154,58"
"154,58","154,55"
"154,55","154,60"
"154,60","154,60"
"154,60","154,60"
"154,60","154,55"
"154,55","154,58"
"154,58","154,59"
"154,59","154,61"
"154,61","154,59"
"154,59","154,61"
"154,61","154,54"
"154,54","154,63"
"154,63","154,64"
"154,64","154,67"
"154,67","154,64"
"154,64","154,64"
"154,64","154,66"
"154,66","154,64"
"154,64","154,69"
"154,69","154,68"
"154,68","154,67"
"154,67","154,62"
"154,62","154,60"
"154,60","154,40"
"154,40","154,34"
"154,34","154,34"
"154,34","154,39"
"154,39","154,27"
"154,27","154,11"
"154,11","154,14"
"154,14","154,13"
"154,13","154,23"
"154,23","154,40"
"154,40","154,31"
"154,31","154,34"
"154,34","154,37"
"154,37","154,48"
"154,48","154,58"
"154,58","154,56"
"154,56","154,52"
"154,52","154,49"
"154,49","154,50"
"154,50","154,55"
"154,55","154,70"
"154,70","154,64"
"154,64","154,75"
"154,75","155,13"
"155,13","155,05"
"155,05","155,09"
"155,09","155,08"
"155,08","155,22"
"155,22","155,32"
"155,32","155,25"
"155,25","155,18"
"155,18","155,32"
"155,32","155,24"
"155,24","155,20"
"155,20","155,20"
"155,20","155,18"
"155,18","155,18"
"155,18","155,26"
"155,26","155,25"
"155,25","155,28"
"155,28","155,22"
"155,22","155,21"
"155,21","155,17"
"155,17","155,20"
"155,20","155,25"
"155,25","155,23"
"155,23","155,22"
"155,22","155,38"
"155,38","155,36"
"155,36","155,34"
"155,34","155,34"
"155,34","155,36"
"155,36","155,34"
"155,34","155,35"
"155,35","155,46"
"155,46","155,45"
"155,45","155,53"
"155,53","155,56"
"155,56","155,49"
"155,49","155,46"
"155,46","155,43"
"155,43","155,42"
"155,42","155,46"
"155,46","155,47"
"155,47","155,46"
"155,46","155,34"
"155,34","155,43"
"155,43","155,45"
"155,45","155,46"
"155,46","155,58"
"155,58","155,48"
"155,48","155,53"
"155,53","155,75"
"155,75","155,68"
"155,68","155,75"
"155,75","155,70"
"155,70","155,68"
"155,68","155,72"
"155,72","155,61"
"155,61","155,53"
"155,53","155,56"
"155,56","155,47"
"155,47","155,43"
"155,43","155,64"
"155,64","155,63"
"155,63","155,61"
"155,61","155,50"
"155,50","155,68"
"155,68","155,64"
"155,64","155,51"
"155,51","155,48"
"155,48","155,71"
"155,71","155,91"
"155,91","155,93"
"155,93","155,97"
"155,97","156,23"
"156,23","156,30"
"156,30","156,17"
"156,17","156,16"
"156,16","156,25"
"156,25","156,33"
"156,33","156,31"
"156,31","156,40"
"156,40","156,42"
"156,42","156,44"
"156,44","156,49"
"156,49","156,47"
"156,47","156,42"
"156,42","156,49"
"156,49","156,43"
"156,43","156,48"
"156,48","156,38"
"156,38","156,50"
"156,50","156,47"
"156,47","156,40"
"156,40","156,23"
"156,23","156,37"
"156,37","156,23"
"156,23","156,42"
"156,42","156,35"
"156,35","156,33"
"156,33","156,36"
"156,36","156,39"
"156,39","156,36"
"156,36","156,40"
"156,40","156,43"
"156,43","156,50"
"156,50","156,48"
"156,48","156,36"
"156,36","156,36"
"156,36","156,41"
"156,41","156,37"
"156,37","156,50"
"156,50","156,51"
"156,51","156,55"
"156,55","156,53"
"156,53","156,50"
"156,50","156,52"
"156,52","156,69"
"156,69","156,69"
"156,69","156,75"
"156,75","156,83"
"156,83","156,81"
"156,81","156,79"
"156,79","156,76"
"156,76","156,76"
"156,76","156,85"
"156,85","156,80"
"156,80","156,78"
"156,78","156,83"
"156,83","156,71"
"156,71","156,68"
"156,68","156,65"
"156,65","156,66"
"156,66","156,71"
"156,71","156,91"
"156,91","156,73"
"156,73","156,72"
"156,72","156,86"
"156,86","156,88"
"156,88","156,88"
"156,88","156,91"
"156,91","156,95"
"156,95","156,91"
"156,91","156,94"
"156,94","157,01"
"157,01","156,95"
"156,95","156,94"
"156,94","156,97"
"156,97","157,07"
"157,07","157,08"
"157,08","157,10"
"157,10","157,11"
"157,11","153,00"
"153,00","153,16"
"153,16","152,75"
"152,75","152,65"
"152,65","152,93"
"152,93","154,00"
"154,00","154,44"
"154,44","154,05"
"154,05","153,91"
"153,91","153,25"
"153,25","153,79"
"153,79","152,90"
"152,90","152,60"
"152,60","152,73"
"152,73","152,64"
"152,64","152,29"
"152,29","152,03"
"152,03","152,06"
"152,06","151,57"
"151,57","151,24"
"151,24","151,16"
"151,16","151,73"
"151,73","151,60"
"151,60","151,57"
"151,57","152,04"
"152,04","152,00"
"152,00","152,01"
"152,01","151,93"
"151,93","151,89"
"151,89","152,21"
"152,21","152,32"
"152,32","152,44"
"152,44","152,49"
"152,49","151,90"
"151,90","151,87"
"151,87","151,89"
"151,89","152,19"
"152,19","152,08"
"152,08","152,16"
"152,16","152,20"
"152,20","152,03"
"152,03","151,66"
"151,66","151,81"
"151,81","151,82"
"151,82","151,98"
"151,98","151,96"
"151,96","151,61"
"151,61","151,56"
"151,56","151,77"
"151,77","151,78"
"151,78","152,14"
"152,14","152,27"
"152,27","151,83"
"151,83","151,94"
"151,94","152,24"
"152,24","152,08"
"152,08","152,25"
"152,25","152,20"
"152,20","151,93"
"151,93","151,89"
"151,89","152,01"
"152,01","151,95"
"151,95","151,74"
"151,74","151,47"
"151,47","151,57"
"151,57","151,51"
"151,51","151,49"
"151,49","151,45"
"151,45","151,37"
"151,37","151,28"
"151,28","151,36"
"151,36","151,57"
"151,57","151,64"
"151,64","151,58"
"151,58","151,55"
"151,55","151,75"
"151,75","151,58"
"151,58","151,77"
"151,77","151,51"
"151,51","151,68"
"151,68","152,00"
"152,00","152,47"
"152,47","152,29"
"152,29","152,09"
"152,09","152,28"
"152,28","152,53"
"152,53","152,41"
"152,41","152,42"
"152,42","152,30"
"152,30","152,49"
"152,49","152,28"
"152,28","152,39"
"152,39","152,43"
"152,43","152,25"
"152,25","152,21"
"152,21","152,15"
"152,15","152,06"
"152,06","152,20"
"152,20","152,09"
"152,09","152,08"
"152,08","152,42"
"152,42","152,24"
"152,24","152,21"
"152,21","152,33"
"152,33","152,38"
"152,38","152,49"
"152,49","152,32"
"152,32","152,37"
"152,37","152,29"
"152,29","152,14"
"152,14","152,13"
"152,13","152,08"
"152,08","152,09"
"152,09","152,07"
"152,07","152,10"
"152,10","152,09"
"152,09","151,87"
"151,87","151,95"
"151,95","151,67"
"151,67","151,76"
"151,76","151,74"
"151,74","151,81"
"151,81","151,75"
"151,75","151,60"
"151,60","151,60"
"151,60","151,55"
"151,55","151,73"
"151,73","151,66"
"151,66","151,56"
"151,56","151,53"
"151,53","151,49"
"151,49","151,43"
"151,43","151,47"
"151,47","151,35"
"151,35","151,32"
"151,32","151,45"
"151,45","151,55"
"151,55","151,58"
"151,58","151,55"
"151,55","151,41"
"151,41","151,44"
"151,44","151,49"
"151,49","151,54"
"151,54","151,33"
"151,33","151,35"
"151,35","151,41"
"151,41","151,55"
"151,55","151,65"
"151,65","151,53"
"151,53","151,30"
"151,30","151,50"
"151,50","151,43"
"151,43","151,39"
"151,39","151,44"
"151,44","151,44"
"151,44","151,43"
"151,43","151,47"
"151,47","151,51"
"151,51","151,51"
"151,51","151,60"
"151,60","151,61"
"151,61","151,60"
"151,60","151,73"
"151,73","151,75"
"151,75","151,70"
"151,70","151,70"
"151,70","151,69"
"151,69","151,58"
"151,58","151,47"
"151,47","151,47"
"151,47","151,35"
"151,35","151,49"
"151,49","151,53"
"151,53","151,50"
"151,50","151,46"
"151,46","151,45"
"151,45","151,37"
"151,37","151,42"
"151,42","151,34"
"151,34","151,37"
"151,37","151,44"
"151,44","151,46"
"151,46","151,34"
"151,34","151,33"
"151,33","151,30"
"151,30","151,22"
"151,22","151,42"
"151,42","151,25"
"151,25","151,27"
"151,27","151,20"
"151,20","151,35"
"151,35","151,41"
"151,41","151,44"
"151,44","151,50"
"151,50","151,55"
"151,55","151,48"
"151,48","151,58"
"151,58","151,55"
"151,55","151,58"
"151,58","151,60"
"151,60","151,62"
"151,62","151,69"
"151,69","151,63"
"151,63","151,33"
"151,33","151,32"
"151,32","151,71"
"151,71","151,64"
"151,64","151,70"
"151,70","152,05"
"152,05","151,98"
"151,98","152,17"
"152,17","152,09"
"152,09","152,00"
"152,00","152,09"
"152,09","152,15"
"152,15","152,09"
"152,09","152,03"
"152,03","151,92"
"151,92","151,74"
"151,74","151,68"
"151,68","151,74"
"151,74","151,76"
"151,76","151,88"
"151,88","151,96"
"151,96","151,99"
"151,99","152,11"
"152,11","152,21"
"152,21","152,22"
"152,22","152,25"
"152,25","152,20"
"152,20","152,30"
"152,30","152,26"
"152,26","152,11"
"152,11","152,12"
"152,12","152,23"
"152,23","152,32"
"152,32","152,28"
"152,28","152,10"
"152,10","152,07"
"152,07","152,15"
"152,15","152,02"
"152,02","151,99"
"151,99","151,91"
"151,91","151,80"
"151,80","151,64"
"151,64","151,76"
"151,76","151,79"
"151,79","151,79"
"151,79","151,77"
"151,77","151,69"
"151,69","151,69"
"151,69","151,88"
"151,88","152,03"
"152,03","152,27"
"152,27","152,20"
"152,20","152,18"
"152,18","152,15"
"152,15","152,08"
"152,08","152,11"
"152,11","152,09"
"152,09","152,06"
"152,06","152,04"
"152,04","152,03"
"152,03","151,90"
"151,90","151,85"
"151,85","151,83"
"151,83","151,86"
"151,86","151,76"
"151,76","151,69"
"151,69","151,86"
"151,86","151,87"